{
  "best_val_accuracy": 0.6716810371185715,
  "best_epoch": 23,
  "final_train_accuracy": 0.7108896057238079,
  "final_val_accuracy": 0.6669724209625145,
  "final_train_loss": 1.9794606216259134,
  "final_val_loss": 2.2447724798694253,
  "num_classes": 401,
  "train_samples": 65411,
  "val_samples": 16353,
  "class_imbalance_ratio": 1291.6666666666667
}